{
  "总的来说": {
    "POS": {
      "precision": 0.695201037613489,
      "recall": 0.23477879982479194,
      "f1-score": 0.35101506221349055,
      "support": 2283
    },
    "NEG": {
      "precision": 0.625,
      "recall": 0.0635593220338983,
      "f1-score": 0.11538461538461538,
      "support": 1180
    },
    "NEU": {
      "precision": 0.7768661518661518,
      "recall": 0.9795131845841785,
      "f1-score": 0.8664991925354387,
      "support": 9860
    },
    "accuracy": 0.7707723485701419,
    "macro avg": {
      "precision": 0.6990223964932136,
      "recall": 0.42595043548095624,
      "f1-score": 0.44429962337784823,
      "support": 13323
    },
    "weighted avg": {
      "precision": 0.7494216187249008,
      "recall": 0.7707723485701419,
      "f1-score": 0.711641767738998,
      "support": 13323
    }
  },
  "空间": {
    "POS": {
      "precision": 0.782608695652174,
      "recall": 0.47619047619047616,
      "f1-score": 0.5921052631578947,
      "support": 189
    },
    "NEG": {
      "precision": 0.7222222222222222,
      "recall": 0.33766233766233766,
      "f1-score": 0.46017699115044247,
      "support": 77
    },
    "NEU": {
      "precision": 0.9168131224370241,
      "recall": 0.9830402010050251,
      "f1-score": 0.9487723552591695,
      "support": 1592
    },
    "accuracy": 0.9047362755651238,
    "macro avg": {
      "precision": 0.8072146801038067,
      "recall": 0.5989643382859463,
      "f1-score": 0.6670182031891688,
      "support": 1858
    },
    "weighted avg": {
      "precision": 0.8950972257853146,
      "recall": 0.9047362755651238,
      "f1-score": 0.8922427947405942,
      "support": 1858
    }
  },
  "动力": {
    "POS": {
      "precision": 0.6666666666666666,
      "recall": 0.23300970873786409,
      "f1-score": 0.3453237410071942,
      "support": 103
    },
    "NEU": {
      "precision": 0.75,
      "recall": 0.11538461538461539,
      "f1-score": 0.19999999999999998,
      "support": 52
    },
    "NEG": {
      "precision": 0.9306029579067122,
      "recall": 0.9933211900425015,
      "f1-score": 0.9609397944199707,
      "support": 1647
    },
    "accuracy": 0.9245283018867925,
    "macro avg": {
      "precision": 0.7824232081911262,
      "recall": 0.4472385047216603,
      "f1-score": 0.5020878451423884,
      "support": 1802
    },
    "weighted avg": {
      "precision": 0.9103050712203228,
      "recall": 0.9245283018867925,
      "f1-score": 0.9037936663337583,
      "support": 1802
    }
  },
  "操控": {
    "POS": {
      "precision": 0.6206896551724138,
      "recall": 0.12949640287769784,
      "f1-score": 0.2142857142857143,
      "support": 139
    },
    "NEG": {
      "precision": 0.5714285714285714,
      "recall": 0.12903225806451613,
      "f1-score": 0.2105263157894737,
      "support": 31
    },
    "NEU": {
      "precision": 0.9193370165745857,
      "recall": 0.9928400954653938,
      "f1-score": 0.9546758462421113,
      "support": 1676
    },
    "accuracy": 0.9133261105092091,
    "macro avg": {
      "precision": 0.703818414391857,
      "recall": 0.4171229188025359,
      "f1-score": 0.45982929210576645,
      "support": 1846
    },
    "weighted avg": {
      "precision": 0.8910070355158487,
      "recall": 0.9133261105092091,
      "f1-score": 0.88642944115762,
      "support": 1846
    }
  },
  "能耗": {
    "POS": {
      "precision": 0.7898089171974523,
      "recall": 0.4806201550387597,
      "f1-score": 0.5975903614457831,
      "support": 258
    },
    "NEU": {
      "precision": 0.5666666666666667,
      "recall": 0.19767441860465115,
      "f1-score": 0.29310344827586204,
      "support": 86
    },
    "NEG": {
      "precision": 0.8360375747224594,
      "recall": 0.965483234714004,
      "f1-score": 0.8961098398169337,
      "support": 1014
    },
    "accuracy": 0.8247422680412371,
    "macro avg": {
      "precision": 0.7308377195288595,
      "recall": 0.5479259361191383,
      "f1-score": 0.5956012165128596,
      "support": 1358
    },
    "weighted avg": {
      "precision": 0.8101959755072532,
      "recall": 0.8247422680412371,
      "f1-score": 0.8012080908535397,
      "support": 1358
    }
  },
  "舒适性": {
    "POS": {
      "precision": 0.7957276368491322,
      "recall": 0.842998585572843,
      "f1-score": 0.8186813186813187,
      "support": 707
    },
    "NEG": {
      "precision": 0.5588235294117647,
      "recall": 0.25333333333333335,
      "f1-score": 0.34862385321100914,
      "support": 75
    },
    "NEU": {
      "precision": 0.8423028785982478,
      "recall": 0.84125,
      "f1-score": 0.841776110068793,
      "support": 800
    },
    "accuracy": 0.8141592920353983,
    "macro avg": {
      "precision": 0.7322846816197149,
      "recall": 0.6458606396353922,
      "f1-score": 0.6696937606537069,
      "support": 1582
    },
    "weighted avg": {
      "precision": 0.8080489929436264,
      "recall": 0.8141592920353983,
      "f1-score": 0.8080754547114742,
      "support": 1582
    }
  },
  "外观": {
    "POS": {
      "precision": 0.7272727272727273,
      "recall": 0.20869565217391303,
      "f1-score": 0.3243243243243243,
      "support": 115
    },
    "NEU": {
      "precision": 0.6842105263157895,
      "recall": 0.2708333333333333,
      "f1-score": 0.38805970149253727,
      "support": 48
    },
    "NEG": {
      "precision": 0.9296653431650596,
      "recall": 0.9921307506053268,
      "f1-score": 0.959882869692533,
      "support": 1652
    },
    "accuracy": 0.9234159779614325,
    "macro avg": {
      "precision": 0.7803828655845254,
      "recall": 0.4905532453708577,
      "f1-score": 0.5574222985031315,
      "support": 1815
    },
    "weighted avg": {
      "precision": 0.9103502015472176,
      "recall": 0.9234159779614325,
      "f1-score": 0.9044907238022059,
      "support": 1815
    }
  },
  "内饰": {
    "POS": {
      "precision": 0.7534039334341907,
      "recall": 0.8006430868167203,
      "f1-score": 0.7763055339049104,
      "support": 622
    },
    "NEG": {
      "precision": 0.6046511627906976,
      "recall": 0.24761904761904763,
      "f1-score": 0.35135135135135137,
      "support": 105
    },
    "NEU": {
      "precision": 0.7790368271954674,
      "recall": 0.8052708638360175,
      "f1-score": 0.7919366450683946,
      "support": 683
    },
    "accuracy": 0.7617021276595745,
    "macro avg": {
      "precision": 0.7123639744734519,
      "recall": 0.6178443327572618,
      "f1-score": 0.6398645101082189,
      "support": 1410
    },
    "weighted avg": {
      "precision": 0.7547431004706341,
      "recall": 0.7617021276595745,
      "f1-score": 0.7522316755762126,
      "support": 1410
    }
  },
  "性价比": {
    "POS": {
      "precision": 0.7318840579710145,
      "recall": 0.4353448275862069,
      "f1-score": 0.545945945945946,
      "support": 232
    },
    "NEG": {
      "precision": 0.6779661016949152,
      "recall": 0.5128205128205128,
      "f1-score": 0.583941605839416,
      "support": 78
    },
    "NEU": {
      "precision": 0.8344519015659956,
      "recall": 0.9551856594110115,
      "f1-score": 0.8907462686567165,
      "support": 781
    },
    "accuracy": 0.8130155820348305,
    "macro avg": {
      "precision": 0.7481006870773085,
      "recall": 0.634450333272577,
      "f1-score": 0.6735446068140262,
      "support": 1091
    },
    "weighted avg": {
      "precision": 0.8014531553661973,
      "recall": 0.8130155820348305,
      "f1-score": 0.7954901379796787,
      "support": 1091
    }
  },
  "配置": {
    "NEG": {
      "precision": 0.831013916500994,
      "recall": 0.8763102725366876,
      "f1-score": 0.8530612244897958,
      "support": 477
    },
    "POS": {
      "precision": 0.5,
      "recall": 0.2222222222222222,
      "f1-score": 0.30769230769230765,
      "support": 18
    },
    "NEU": {
      "precision": 0.8063492063492064,
      "recall": 0.7673716012084593,
      "f1-score": 0.7863777089783283,
      "support": 331
    },