{
  "总的来说": {
    "POS": {
      "precision": 0.695201037613489,
      "recall": 0.23477879982479194,
      "f1-score": 0.35101506221349055,
      "support": 2283
    },
    "NEG": {
      "precision": 0.625,
      "recall": 0.0635593220338983,
      "f1-score": 0.11538461538461538,
      "support": 1180
    },
    "NEU": {
      "precision": 0.7768661518661518,
      "recall": 0.9795131845841785,
      "f1-score": 0.8664991925354387,
      "support": 9860
    },
    "accuracy": 0.7707723485701419,
    "macro avg": {
      "precision": 0.6990223964932136,
      "recall": 0.42595043548095624,
      "f1-score": 0.44429962337784823,
      "support": 13323
    },
    "weighted avg": {
      "precision": 0.7494216187249008,
      "recall": 0.7707723485701419,
      "f1-score": 0.711641767738998,
      "support": 13323
    }
  }
}