{
  "总的来说": {
    "POS": {
      "precision": 0.0,
      "recall": 0.0,
      "f1-score": 0.0,
      "support": 2449
    },
    "NEG": {
      "precision": 0.0,
      "recall": 0.0,
      "f1-score": 0.0,
      "support": 1287
    },
    "NEU": {
      "precision": 0.7316477517598047,
      "recall": 1.0,
      "f1-score": 0.8450306952049113,
      "support": 10186
    },
    "accuracy": 0.7316477517598047,
    "macro avg": {
      "precision": 0.2438825839199349,
      "recall": 0.3333333333333333,
      "f1-score": 0.28167689840163707,
      "support": 13922
    },
    "weighted avg": {
      "precision": 0.5353084326551767,
      "recall": 0.7316477517598047,
      "f1-score": 0.618264808314698,
      "support": 13922
    }
  },
  "空间": {
    "POS": {
      "precision": 0.7177914110429447,
      "recall": 0.6190476190476191,
      "f1-score": 0.6647727272727274,
      "support": 189
    },
    "NEG": {
      "precision": 0.5517241379310345,
      "recall": 0.4155844155844156,
      "f1-score": 0.4740740740740741,
      "support": 77
    },
    "NEU": {
      "precision": 0.935247403787416,
      "recall": 0.9616834170854272,
      "f1-score": 0.9482812016104057,
      "support": 1592
    },
    "accuracy": 0.9041980624327234,
    "macro avg": {
      "precision": 0.7349209842537984,
      "recall": 0.6654384839058206,
      "f1-score": 0.6957093343190691,
      "support": 1858
    },
    "weighted avg": {
      "precision": 0.8972331550793178,
      "recall": 0.9041980624327234,
      "f1-score": 0.8997897858568434,
      "support": 1858
    }
  },
  "动力": {
    "POS": {
      "precision": 0.6909090909090909,
      "recall": 0.36893203883495146,
      "f1-score": 0.4810126582278481,
      "support": 103
    },
    "NEU": {
      "precision": 0.2916666666666667,
      "recall": 0.1346153846153846,
      "f1-score": 0.18421052631578946,
      "support": 52
    },
    "NEG": {
      "precision": 0.9419616947185142,
      "recall": 0.9854280510018215,
      "f1-score": 0.9632047477744807,
      "support": 1647
    },
    "accuracy": 0.925638179800222,
    "macro avg": {
      "precision": 0.6415124840980906,
      "recall": 0.49632515815071915,
      "f1-score": 0.5428093107727061,
      "support": 1802
    },
    "weighted avg": {
      "precision": 0.9088464007945039,
      "recall": 0.925638179800222,
      "f1-score": 0.9131639682299995,
      "support": 1802
    }
  },
  "操控": {
    "POS": {
      "precision": 0.53125,
      "recall": 0.2446043165467626,
      "f1-score": 0.33497536945812806,
      "support": 139
    },
    "NEG": {
      "precision": 0.5333333333333333,
      "recall": 0.25806451612903225,
      "f1-score": 0.34782608695652173,
      "support": 31
    },
    "NEU": {
      "precision": 0.9281267685342388,
      "recall": 0.9785202863961814,
      "f1-score": 0.9526575660760964,
      "support": 1676
    },
    "accuracy": 0.9111592632719393,
    "macro avg": {
      "precision": 0.6642367006225239,
      "recall": 0.49372970635732544,
      "f1-score": 0.5451530074969154,
      "support": 1846
    },
    "weighted avg": {
      "precision": 0.8916129725876043,
      "recall": 0.9111592632719393,
      "f1-score": 0.8959903931711103,
      "support": 1846
    }
  },
  "能耗": {
    "POS": {
      "precision": 0.7621621621621621,
      "recall": 0.5465116279069767,
      "f1-score": 0.6365688487584651,
      "support": 258
    },
    "NEU": {
      "precision": 0.5102040816326531,
      "recall": 0.29069767441860467,
      "f1-score": 0.3703703703703704,
      "support": 86
    },
    "NEG": {
      "precision": 0.8540925266903915,
      "recall": 0.9467455621301775,
      "f1-score": 0.8980355472404116,
      "support": 1014
    },
    "accuracy": 0.8291605301914581,
    "macro avg": {
      "precision": 0.7088195901617356,
      "recall": 0.594651621485253,
      "f1-score": 0.634991588789749,
      "support": 1358
    },
    "weighted avg": {
      "precision": 0.8148491980282053,
      "recall": 0.8291605301914581,
      "f1-score": 0.8149445211585518,
      "support": 1358
    }
  },
  "舒适性": {
    "POS": {
      "precision": 0.8167388167388168,
      "recall": 0.8005657708628006,
      "f1-score": 0.8085714285714285,
      "support": 707
    },
    "NEG": {
      "precision": 0.631578947368421,
      "recall": 0.32,
      "f1-score": 0.4247787610619469,
      "support": 75
    },
    "NEU": {
      "precision": 0.8096357226792009,
      "recall": 0.86125,
      "f1-score": 0.8346456692913385,
      "support": 800
    },
    "accuracy": 0.8084702907711757,
    "macro avg": {
      "precision": 0.7526511622621462,
      "recall": 0.6606052569542668,
      "f1-score": 0.6893319529749046,
      "support": 1582
    },
    "weighted avg": {
      "precision": 0.8043687374401616,
      "recall": 0.8084702907711757,
      "f1-score": 0.8035619105642963,
      "support": 1582
    }
  },
  "外观": {
    "POS": {
      "precision": 0.5348837209302325,
      "recall": 0.4,
      "f1-score": 0.4577114427860697,
      "support": 115
    },
    "NEU": {
      "precision": 0.7,
      "recall": 0.2916666666666667,
      "f1-score": 0.4117647058823529,
      "support": 48
    },
    "NEG": {
      "precision": 0.943826799297835,
      "recall": 0.9763922518159807,
      "f1-score": 0.9598333829217494,
      "support": 1652
    },
    "accuracy": 0.9217630853994491,
    "macro avg": {
      "precision": 0.7262368400760225,
      "recall": 0.5560196394942157,
      "f1-score": 0.6097698438633906,
      "support": 1815
    },
    "weighted avg": {
      "precision": 0.9114674933041323,
      "recall": 0.9217630853994491,
      "f1-score": 0.9135241159170694,
      "support": 1815
    }
  },
  "内饰": {
    "POS": {
      "precision": 0.8078902229845626,
      "recall": 0.7572347266881029,
      "f1-score": 0.7817427385892117,
      "support": 622
    },
    "NEG": {
      "precision": 0.5,
      "recall": 0.37142857142857144,
      "f1-score": 0.42622950819672134,
      "support": 105
    },
    "NEU": {
      "precision": 0.7676902536715621,
      "recall": 0.8418740849194729,
      "f1-score": 0.803072625698324,
      "support": 683
    },
    "accuracy": 0.7695035460992907,
    "macro avg": {
      "precision": 0.6918601588853749,
      "recall": 0.6568457943453825,
      "f1-score": 0.6703482908280858,
      "support": 1410
    },
    "weighted avg": {
      "precision": 0.7654894765631736,
      "recall": 0.7695035460992907,
      "f1-score": 0.7656004858972345,
      "support": 1410
    }
  },
  "性价比": {
    "POS": {
      "precision": 0.7032967032967034,
      "recall": 0.5517241379310345,
      "f1-score": 0.6183574879227054,
      "support": 232
    },
    "NEG": {
      "precision": 0.6666666666666666,
      "recall": 0.5128205128205128,
      "f1-score": 0.5797101449275363,
      "support": 78
    },
    "NEU": {
      "precision": 0.8586572438162544,
      "recall": 0.9334186939820742,
      "f1-score": 0.894478527607362,
      "support": 781
    },
    "accuracy": 0.8221814848762603,
    "macro avg": {
      "precision": 0.7428735379265414,
      "recall": 0.6659877815778739,
      "f1-score": 0.6975153868192012,
      "support": 1091
    },
    "weighted avg": {
      "precision": 0.8118938062193674,
      "recall": 0.8221814848762603,
      "f1-score": 0.8132576155488224,
      "support": 1091
    }
  },
  "配置": {
    "NEG": {
      "precision": 0.8665207877461707,
      "recall": 0.8301886792452831,
      "f1-score": 0.8479657387580299,
      "support": 477
    },
    "POS": {
      "precision": 0.4,
      "recall": 0.2222222222222222,
      "f1-score": 0.2857142857142857,
      "support": 18
    },
    "NEU": {
      "precision": 0.7715877437325905,
      "recall": 0.8368580060422961,
      "f1-score": 0.8028985507246377,
      "support": 331
    },
    "accuracy": 0.8196125907990315,
    "macro avg": {
      "precision": 0.6793695104929204,
      "recall": 0.6297563025032671,
      "f1-score": 0.6455261917323178,